"idecadastro","nomeParlamentar","urlFoto"
178957,"ABEL MESQUITA JR.","http://www.camara.gov.br/internet/deputado/bandep/178957.jpg"
141463,NA,NA
73764,NA,NA
161907,NA,NA
178864,"ADAIL CARNEIRO","http://www.camara.gov.br/internet/deputado/bandep/178864.jpg"
178914,"ADALBERTO CAVALCANTI","http://www.camara.gov.br/internet/deputado/bandep/178914.jpg"
178890,"ADELMO CARNEIRO LEÃO","http://www.camara.gov.br/internet/deputado/bandep/178890.jpg"
178968,"ADELSON BARRETO","http://www.camara.gov.br/internet/deputado/bandep/178968.jpg"
133374,"ADEMIR CAMILO","http://www.camara.gov.br/internet/deputado/bandep/133374.jpg"
178903,"ADILTON SACHETTI","http://www.camara.gov.br/internet/deputado/bandep/178903.jpg"
160577,NA,NA
141372,"AELTON FREITAS","http://www.camara.gov.br/internet/deputado/bandep/141372.jpg"
160508,"AFONSO FLORENCE","http://www.camara.gov.br/internet/deputado/bandep/160508.jpg"
136811,"AFONSO HAMM","http://www.camara.gov.br/internet/deputado/bandep/136811.jpg"
178835,"AFONSO MOTTA","http://www.camara.gov.br/internet/deputado/bandep/178835.jpg"
160527,"AGUINALDO RIBEIRO","http://www.camara.gov.br/internet/deputado/bandep/160527.jpg"
173269,NA,NA
178836,"ALAN RICK","http://www.camara.gov.br/internet/deputado/bandep/178836.jpg"
160582,"ALBERTO FILHO","http://www.camara.gov.br/internet/deputado/bandep/160582.jpg"
73579,"ALBERTO FRAGA","http://www.camara.gov.br/internet/deputado/bandep/73579.jpg"
160559,"ALCEU MOREIRA","http://www.camara.gov.br/internet/deputado/bandep/160559.jpg"
160511,"ALESSANDRO MOLON","http://www.camara.gov.br/internet/deputado/bandep/160511.jpg"
73458,"ALEX CANZIANI","http://www.camara.gov.br/internet/deputado/bandep/73458.jpg"
178972,"ALEX MANENTE","http://www.camara.gov.br/internet/deputado/bandep/178972.jpg"
178875,"ALEXANDRE BALDY","http://www.camara.gov.br/internet/deputado/bandep/178875.jpg"
160545,"ALEXANDRE LEITE","http://www.camara.gov.br/internet/deputado/bandep/160545.jpg"
160579,NA,NA
74830,NA,NA
178833,"ALEXANDRE SERFIOTIS","http://www.camara.gov.br/internet/deputado/bandep/178833.jpg"
141374,NA,NA
169712,NA,NA
178936,"ALEXANDRE VALLE","http://www.camara.gov.br/internet/deputado/bandep/178936.jpg"
141454,"ALFREDO KAEFER","http://www.camara.gov.br/internet/deputado/bandep/141454.jpg"
178846,"ALFREDO NASCIMENTO","http://www.camara.gov.br/internet/deputado/bandep/178846.jpg"
116663,NA,NA
74057,"ALICE PORTUGAL","http://www.camara.gov.br/internet/deputado/bandep/74057.jpg"
178927,"ALIEL MACHADO","http://www.camara.gov.br/internet/deputado/bandep/178927.jpg"
141375,NA,NA
160626,NA,NA
178937,"ALTINEU CÔRTES","http://www.camara.gov.br/internet/deputado/bandep/178937.jpg"
178881,"ALUISIO MENDES","http://www.camara.gov.br/internet/deputado/bandep/178881.jpg"
160603,NA,NA
174861,NA,NA
178973,"ANA PERUGINI","http://www.camara.gov.br/internet/deputado/bandep/178973.jpg"
160551,NA,NA
178831,"ANDRÉ ABDON","http://www.camara.gov.br/internet/deputado/bandep/178831.jpg"
74471,"ANDRÉ DE PAULA","http://www.camara.gov.br/internet/deputado/bandep/74471.jpg"
133439,"ANDRÉ FIGUEIREDO","http://www.camara.gov.br/internet/deputado/bandep/133439.jpg"
178882,"ANDRÉ FUFUCA","http://www.camara.gov.br/internet/deputado/bandep/178882.jpg"
160543,"ANDRE MOURA","http://www.camara.gov.br/internet/deputado/bandep/160543.jpg"
74377,NA,NA
141379,NA,NA
178974,"ANDRES SANCHEZ","http://www.camara.gov.br/internet/deputado/bandep/178974.jpg"
192120,NA,NA
178837,"ANGELIM","http://www.camara.gov.br/internet/deputado/bandep/178837.jpg"
160638,NA,NA
141381,NA,NA
74212,"ANÍBAL GOMES","http://www.camara.gov.br/internet/deputado/bandep/74212.jpg"
73937,NA,NA
160539,NA,NA
123756,NA,NA
141387,NA,NA
74213,NA,NA
160553,"ANTONIO BRITO","http://www.camara.gov.br/internet/deputado/bandep/160553.jpg"
141383,"ANTONIO BULHÕES","http://www.camara.gov.br/internet/deputado/bandep/141383.jpg"
73584,"ANTONIO CARLOS MENDES THAME","http://www.camara.gov.br/internet/deputado/bandep/73584.jpg"
160530,NA,NA
178950,"ANTÔNIO JÁCOME","http://www.camara.gov.br/internet/deputado/bandep/178950.jpg"
74103,"ARIOSTO HOLANDA","http://www.camara.gov.br/internet/deputado/bandep/74103.jpg"
73433,"ARLINDO CHINAGLIA","http://www.camara.gov.br/internet/deputado/bandep/73433.jpg"
160546,NA,NA
73434,"ARNALDO FARIA DE SÁ","http://www.camara.gov.br/internet/deputado/bandep/73434.jpg"
141391,NA,NA
160602,"ARNALDO JORDY","http://www.camara.gov.br/internet/deputado/bandep/160602.jpg"
74291,NA,NA
74833,"AROLDE DE OLIVEIRA","http://www.camara.gov.br/internet/deputado/bandep/74833.jpg"
160541,"ARTHUR LIRA","http://www.camara.gov.br/internet/deputado/bandep/160541.jpg"
160600,"ARTHUR OLIVEIRA MAIA","http://www.camara.gov.br/internet/deputado/bandep/160600.jpg"
178847,"ARTHUR VIRGÍLIO BISNETO","http://www.camara.gov.br/internet/deputado/bandep/178847.jpg"
160678,NA,NA
159237,"ASSIS CARVALHO","http://www.camara.gov.br/internet/deputado/bandep/159237.jpg"
74378,"ASSIS DO COUTO","http://www.camara.gov.br/internet/deputado/bandep/74378.jpg"
160581,"ASSIS MELO","http://www.camara.gov.br/internet/deputado/bandep/160581.jpg"
74090,"ÁTILA LINS","http://www.camara.gov.br/internet/deputado/bandep/74090.jpg"
74459,"ÁTILA LIRA","http://www.camara.gov.br/internet/deputado/bandep/74459.jpg"
73655,"AUGUSTO CARVALHO","http://www.camara.gov.br/internet/deputado/bandep/73655.jpg"
160665,"AUGUSTO COUTINHO","http://www.camara.gov.br/internet/deputado/bandep/160665.jpg"
160512,"AUREO","http://www.camara.gov.br/internet/deputado/bandep/160512.jpg"
69871,"BACELAR","http://www.camara.gov.br/internet/deputado/bandep/69871.jpg"
178975,"BALEIA ROSSI","http://www.camara.gov.br/internet/deputado/bandep/178975.jpg"
178834,"BEBETO","http://www.camara.gov.br/internet/deputado/bandep/178834.jpg"
73701,"BENEDITA DA SILVA","http://www.camara.gov.br/internet/deputado/bandep/73701.jpg"
74535,"BENITO GAMA","http://www.camara.gov.br/internet/deputado/bandep/74535.jpg"
74040,"BENJAMIN MARANHÃO","http://www.camara.gov.br/internet/deputado/bandep/74040.jpg"
160554,NA,NA
109152,NA,NA
178915,"BETINHO GOMES","http://www.camara.gov.br/internet/deputado/bandep/178915.jpg"
74321,NA,NA
73478,NA,NA
141335,"BETO FARO","http://www.camara.gov.br/internet/deputado/bandep/141335.jpg"
73437,"BETO MANSUR","http://www.camara.gov.br/internet/deputado/bandep/73437.jpg"
178948,"BETO ROSADO","http://www.camara.gov.br/internet/deputado/bandep/178948.jpg"
178906,"BETO SALAME","http://www.camara.gov.br/internet/deputado/bandep/178906.jpg"
74373,NA,NA
141513,"BILAC PINTO","http://www.camara.gov.br/internet/deputado/bandep/141513.jpg"
160538,"BOHN GASS","http://www.camara.gov.br/internet/deputado/bandep/160538.jpg"
74650,"BONIFÁCIO DE ANDRADA","http://www.camara.gov.br/internet/deputado/bandep/74650.jpg"
160589,"BRUNA FURLAN","http://www.camara.gov.br/internet/deputado/bandep/160589.jpg"
178999,"BRUNNY","http://www.camara.gov.br/internet/deputado/bandep/178999.jpg"
141394,NA,NA
178976,NA,NA
141393,NA,NA
178938,"CABO DACIOLO","http://www.camara.gov.br/internet/deputado/bandep/178938.jpg"
178865,"CABO SABINO","http://www.camara.gov.br/internet/deputado/bandep/178865.jpg"
105112,"CABUÇU BORGES","http://www.camara.gov.br/internet/deputado/bandep/105112.jpg"
93083,"CACÁ LEÃO","http://www.camara.gov.br/internet/deputado/bandep/93083.jpg"
178853,"CAETANO","http://www.camara.gov.br/internet/deputado/bandep/178853.jpg"
178891,"CAIO NARCIO","http://www.camara.gov.br/internet/deputado/bandep/178891.jpg"
141395,NA,NA
141396,NA,NA
178829,"CAPITÃO AUGUSTO","http://www.camara.gov.br/internet/deputado/bandep/178829.jpg"
178924,NA,NA
74290,NA,NA
178958,"CARLOS ANDRADE","http://www.camara.gov.br/internet/deputado/bandep/178958.jpg"
141401,"CARLOS BEZERRA","http://www.camara.gov.br/internet/deputado/bandep/141401.jpg"
74474,"CARLOS EDUARDO CADOCA","http://www.camara.gov.br/internet/deputado/bandep/74474.jpg"
178962,"CARLOS GOMES","http://www.camara.gov.br/internet/deputado/bandep/178962.jpg"
178993,"CARLOS HENRIQUE GAGUIM","http://www.camara.gov.br/internet/deputado/bandep/178993.jpg"
160605,NA,NA
74163,"CARLOS MANATO","http://www.camara.gov.br/internet/deputado/bandep/74163.jpg"
179381,NA,NA
178900,"CARLOS MARUN","http://www.camara.gov.br/internet/deputado/bandep/178900.jpg"
74651,"CARLOS MELLES","http://www.camara.gov.br/internet/deputado/bandep/74651.jpg"
74262,"CARLOS SAMPAIO","http://www.camara.gov.br/internet/deputado/bandep/74262.jpg"
141398,"CARLOS ZARATTINI","http://www.camara.gov.br/internet/deputado/bandep/141398.jpg"
164360,"CARMEN ZANOTTO","http://www.camara.gov.br/internet/deputado/bandep/164360.jpg"
178876,"CÉLIO SILVEIRA","http://www.camara.gov.br/internet/deputado/bandep/178876.jpg"
73568,"CELSO JACOB","http://www.camara.gov.br/internet/deputado/bandep/73568.jpg"
141405,"CELSO MALDANER","http://www.camara.gov.br/internet/deputado/bandep/141405.jpg"
72912,"CELSO PANSERA","http://www.camara.gov.br/internet/deputado/bandep/72912.jpg"
73441,"CELSO RUSSOMANNO","http://www.camara.gov.br/internet/deputado/bandep/73441.jpg"
160576,"CÉSAR HALUM","http://www.camara.gov.br/internet/deputado/bandep/160576.jpg"
178838,"CÉSAR MESSIAS","http://www.camara.gov.br/internet/deputado/bandep/178838.jpg"
73720,"CESAR SOUZA","http://www.camara.gov.br/internet/deputado/bandep/73720.jpg"
74379,NA,NA
74171,"CHICO ALENCAR","http://www.camara.gov.br/internet/deputado/bandep/74171.jpg"
141439,"CHICO D'ANGELO","http://www.camara.gov.br/internet/deputado/bandep/141439.jpg"
160634,NA,NA
141440,"CHICO LOPES","http://www.camara.gov.br/internet/deputado/bandep/141440.jpg"
178928,"CHRISTIANE DE SOUZA YARED","http://www.camara.gov.br/internet/deputado/bandep/178928.jpg"
178841,"CÍCERO ALMEIDA","http://www.camara.gov.br/internet/deputado/bandep/178841.jpg"
178939,NA,NA
74537,"CLAUDIO CAJADO","http://www.camara.gov.br/internet/deputado/bandep/74537.jpg"
160557,NA,NA
141408,"CLEBER VERDE","http://www.camara.gov.br/internet/deputado/bandep/141408.jpg"
178848,"CONCEIÇÃO SAMPAIO","http://www.camara.gov.br/internet/deputado/bandep/178848.jpg"
178963,"COVATTI FILHO","http://www.camara.gov.br/internet/deputado/bandep/178963.jpg"
93472,"CRISTIANE BRASIL","http://www.camara.gov.br/internet/deputado/bandep/93472.jpg"
141411,"DAGOBERTO NOGUEIRA","http://www.camara.gov.br/internet/deputado/bandep/141411.jpg"
141502,NA,NA
74467,"DAMIÃO FELICIANO","http://www.camara.gov.br/internet/deputado/bandep/74467.jpg"
178892,"DÂMINA PEREIRA","http://www.camara.gov.br/internet/deputado/bandep/178892.jpg"
74060,"DANIEL ALMEIDA","http://www.camara.gov.br/internet/deputado/bandep/74060.jpg"
178916,"DANIEL COELHO","http://www.camara.gov.br/internet/deputado/bandep/178916.jpg"
144523,"DANIEL VILELA","http://www.camara.gov.br/internet/deputado/bandep/144523.jpg"
160528,"DANILO CABRAL","http://www.camara.gov.br/internet/deputado/bandep/160528.jpg"
62881,"DANILO FORTE","http://www.camara.gov.br/internet/deputado/bandep/62881.jpg"
160552,"DANRLEI DE DEUS HINTERHOLZ","http://www.camara.gov.br/internet/deputado/bandep/160552.jpg"
73891,"DARCÍSIO PERONDI","http://www.camara.gov.br/internet/deputado/bandep/73891.jpg"
73924,NA,NA
141412,NA,NA
101309,"DAVIDSON MAGALHÃES","http://www.camara.gov.br/internet/deputado/bandep/101309.jpg"
141413,"DÉCIO LIMA","http://www.camara.gov.br/internet/deputado/bandep/141413.jpg"
178908,"DELEGADO ÉDER MAURO","http://www.camara.gov.br/internet/deputado/bandep/178908.jpg"
178893,"DELEGADO EDSON MOREIRA","http://www.camara.gov.br/internet/deputado/bandep/178893.jpg"
160646,"DELEGADO FRANCISCHINI","http://www.camara.gov.br/internet/deputado/bandep/160646.jpg"
160606,NA,NA
164359,"DELEGADO WALDIR","http://www.camara.gov.br/internet/deputado/bandep/164359.jpg"
74172,"DELEY","http://www.camara.gov.br/internet/deputado/bandep/74172.jpg"
174854,NA,NA
185500,"DEOCLIDES MACEDO","http://www.camara.gov.br/internet/deputado/bandep/185500.jpg"
74264,NA,NA
160588,"DIEGO ANDRADE","http://www.camara.gov.br/internet/deputado/bandep/160588.jpg"
178929,"DIEGO GARCIA","http://www.camara.gov.br/internet/deputado/bandep/178929.jpg"
73768,"DILCEU SPERAFICO","http://www.camara.gov.br/internet/deputado/bandep/73768.jpg"
160599,"DIMAS FABIANO","http://www.camara.gov.br/internet/deputado/bandep/160599.jpg"
74197,NA,NA
143632,"DOMINGOS NETO","http://www.camara.gov.br/internet/deputado/bandep/143632.jpg"
160758,"DOMINGOS SÁVIO","http://www.camara.gov.br/internet/deputado/bandep/160758.jpg"
141371,NA,NA
118384,NA,NA
160514,NA,NA
178940,NA,NA
160643,"DR. JORGE SILVA","http://www.camara.gov.br/internet/deputado/bandep/160643.jpg"
74094,NA,NA
147975,NA,NA
73459,NA,NA
178830,"DR. SINVAL MALHEIROS","http://www.camara.gov.br/internet/deputado/bandep/178830.jpg"
141498,NA,NA
166727,NA,NA
141385,NA,NA
161904,NA,NA
178994,"DULCE MIRANDA","http://www.camara.gov.br/internet/deputado/bandep/178994.jpg"
73447,NA,NA
73793,NA,NA
141417,"EDIO LOPES","http://www.camara.gov.br/internet/deputado/bandep/141417.jpg"
160578,"EDMAR ARRUDA","http://www.camara.gov.br/internet/deputado/bandep/160578.jpg"
134812,"EDMILSON RODRIGUES","http://www.camara.gov.br/internet/deputado/bandep/134812.jpg"
74838,NA,NA
160618,NA,NA
141419,NA,NA
74106,NA,NA
74655,"EDUARDO BARBOSA","http://www.camara.gov.br/internet/deputado/bandep/74655.jpg"
92346,"EDUARDO BOLSONARO","http://www.camara.gov.br/internet/deputado/bandep/92346.jpg"
74173,NA,NA
178977,"EDUARDO CURY","http://www.camara.gov.br/internet/deputado/bandep/178977.jpg"
141421,"EDUARDO DA FONTE","http://www.camara.gov.br/internet/deputado/bandep/141421.jpg"
73945,NA,NA
74382,NA,NA
141422,"EFRAIM FILHO","http://www.camara.gov.br/internet/deputado/bandep/141422.jpg"
74075,"ELCIONE BARBALHO","http://www.camara.gov.br/internet/deputado/bandep/74075.jpg"
154919,NA,NA
160532,"ELI CORRÊA FILHO","http://www.camara.gov.br/internet/deputado/bandep/160532.jpg"
141423,NA,NA
73892,NA,NA
181316,"ELIZEU DIONIZIO","http://www.camara.gov.br/internet/deputado/bandep/181316.jpg"
178883,"ELIZIANE GAMA","http://www.camara.gov.br/internet/deputado/bandep/178883.jpg"
178854,"ELMAR NASCIMENTO","http://www.camara.gov.br/internet/deputado/bandep/178854.jpg"
74119,NA,NA
154997,NA,NA
73893,NA,NA
132504,"ENIO VERRI","http://www.camara.gov.br/internet/deputado/bandep/132504.jpg"
160575,"ERIKA KOKAY","http://www.camara.gov.br/internet/deputado/bandep/160575.jpg"
99654,"ERIVELTON SANTANA","http://www.camara.gov.br/internet/deputado/bandep/99654.jpg"
160640,"EROS BIONDINI","http://www.camara.gov.br/internet/deputado/bandep/160640.jpg"
160649,"ESPERIDIÃO AMIN","http://www.camara.gov.br/internet/deputado/bandep/160649.jpg"
141386,NA,NA
171621,NA,NA
178871,"EVAIR VIEIRA DE MELO","http://www.camara.gov.br/internet/deputado/bandep/178871.jpg"
178828,"EVANDRO GUSSI","http://www.camara.gov.br/internet/deputado/bandep/178828.jpg"
74345,NA,NA
178930,"EVANDRO ROMAN","http://www.camara.gov.br/internet/deputado/bandep/178930.jpg"
178953,"EXPEDITO NETTO","http://www.camara.gov.br/internet/deputado/bandep/178953.jpg"
178904,"EZEQUIEL FONSECA","http://www.camara.gov.br/internet/deputado/bandep/178904.jpg"
178941,"EZEQUIEL TEIXEIRA","http://www.camara.gov.br/internet/deputado/bandep/178941.jpg"
146829,NA,NA
141428,"FÁBIO FARIA","http://www.camara.gov.br/internet/deputado/bandep/141428.jpg"
178905,"FABIO GARCIA","http://www.camara.gov.br/internet/deputado/bandep/178905.jpg"
178969,"FÁBIO MITIDIERI","http://www.camara.gov.br/internet/deputado/bandep/178969.jpg"
141427,"FÁBIO RAMALHO","http://www.camara.gov.br/internet/deputado/bandep/141427.jpg"
171623,"FABIO REIS","http://www.camara.gov.br/internet/deputado/bandep/171623.jpg"
178877,"FÁBIO SOUSA","http://www.camara.gov.br/internet/deputado/bandep/178877.jpg"
74062,NA,NA
160587,NA,NA
190149,NA,NA
74037,NA,NA
74065,NA,NA
66828,"FAUSTO PINATO","http://www.camara.gov.br/internet/deputado/bandep/66828.jpg"
141430,"FELIPE BORNIER","http://www.camara.gov.br/internet/deputado/bandep/141430.jpg"
141429,"FELIPE MAIA","http://www.camara.gov.br/internet/deputado/bandep/141429.jpg"
160666,"FÉLIX MENDONÇA JÚNIOR","http://www.camara.gov.br/internet/deputado/bandep/160666.jpg"
141431,NA,NA
74417,NA,NA
163831,NA,NA
73481,NA,NA
92699,"FERNANDO MONTEIRO","http://www.camara.gov.br/internet/deputado/bandep/92699.jpg"
160676,NA,NA
179383,NA,NA
141433,NA,NA
160598,"FLÁVIA MORAIS","http://www.camara.gov.br/internet/deputado/bandep/160598.jpg"
141434,"FLAVIANO MELO","http://www.camara.gov.br/internet/deputado/bandep/141434.jpg"
178978,"FLAVINHO","http://www.camara.gov.br/internet/deputado/bandep/178978.jpg"
191923,NA,NA
178979,NA,NA
172029,NA,NA
178907,"FRANCISCO CHAPADINHA","http://www.camara.gov.br/internet/deputado/bandep/178907.jpg"
160677,"FRANCISCO FLORIANO","http://www.camara.gov.br/internet/deputado/bandep/160677.jpg"
141438,NA,NA
141467,NA,NA
186775,"FRANKLIN","http://www.camara.gov.br/internet/deputado/bandep/186775.jpg"
160537,NA,NA
129037,"GABRIEL GUIMARÃES","http://www.camara.gov.br/internet/deputado/bandep/129037.jpg"
74200,NA,NA
160669,"GENECIAS NORONHA","http://www.camara.gov.br/internet/deputado/bandep/160669.jpg"
141441,"GEORGE HILTON","http://www.camara.gov.br/internet/deputado/bandep/141441.jpg"
178966,"GEOVANIA DE SÁ","http://www.camara.gov.br/internet/deputado/bandep/178966.jpg"
74374,"GERALDO RESENDE","http://www.camara.gov.br/internet/deputado/bandep/74374.jpg"
74566,NA,NA
74151,NA,NA
74383,"GIACOBO","http://www.camara.gov.br/internet/deputado/bandep/74383.jpg"
179380,NA,NA
74270,"GILBERTO NASCIMENTO","http://www.camara.gov.br/internet/deputado/bandep/74270.jpg"
160673,"GIOVANI CHERINI","http://www.camara.gov.br/internet/deputado/bandep/160673.jpg"
178996,NA,NA
74077,NA,NA
160562,NA,NA
178878,"GIUSEPPE VECCI","http://www.camara.gov.br/internet/deputado/bandep/178878.jpg"
74558,"GIVALDO CARIMBÃO","http://www.camara.gov.br/internet/deputado/bandep/74558.jpg"
178872,"GIVALDO VIEIRA","http://www.camara.gov.br/internet/deputado/bandep/178872.jpg"
141446,NA,NA
152605,"GLAUBER BRAGA","http://www.camara.gov.br/internet/deputado/bandep/152605.jpg"
74419,"GONZAGA PATRIOTA","http://www.camara.gov.br/internet/deputado/bandep/74419.jpg"
129618,"GORETE PEREIRA","http://www.camara.gov.br/internet/deputado/bandep/129618.jpg"
178980,"GOULART","http://www.camara.gov.br/internet/deputado/bandep/178980.jpg"
141447,NA,NA
160667,"GUILHERME MUSSI","http://www.camara.gov.br/internet/deputado/bandep/160667.jpg"
176120,NA,NA
178964,"HEITOR SCHUCH","http://www.camara.gov.br/internet/deputado/bandep/178964.jpg"
175737,NA,NA
178873,"HELDER SALOMÃO","http://www.camara.gov.br/internet/deputado/bandep/178873.jpg"
178909,"HÉLIO LEITE","http://www.camara.gov.br/internet/deputado/bandep/178909.jpg"
160590,NA,NA
73940,NA,NA
74324,NA,NA
73482,"HENRIQUE FONTANA","http://www.camara.gov.br/internet/deputado/bandep/73482.jpg"
68731,NA,NA
97707,"HERÁCLITO FORTES","http://www.camara.gov.br/internet/deputado/bandep/97707.jpg"
178981,"HERCULANO PASSOS","http://www.camara.gov.br/internet/deputado/bandep/178981.jpg"
73772,"HERMES PARCIANELLO","http://www.camara.gov.br/internet/deputado/bandep/73772.jpg"
160596,"HEULER CRUVINEL","http://www.camara.gov.br/internet/deputado/bandep/160596.jpg"
178884,"HILDO ROCHA","http://www.camara.gov.br/internet/deputado/bandep/178884.jpg"
178959,"HIRAN GONÇALVES","http://www.camara.gov.br/internet/deputado/bandep/178959.jpg"
178849,"HISSA ABRAHÃO","http://www.camara.gov.br/internet/deputado/bandep/178849.jpg"
141450,"HUGO LEAL","http://www.camara.gov.br/internet/deputado/bandep/141450.jpg"
160674,"HUGO MOTTA","http://www.camara.gov.br/internet/deputado/bandep/160674.jpg"
160974,NA,NA
73935,NA,NA
74780,NA,NA
141389,NA,NA
74421,NA,NA
67138,"IRACEMA PORTELLA","http://www.camara.gov.br/internet/deputado/bandep/67138.jpg"
81232,"IRAJÁ ABREU","http://www.camara.gov.br/internet/deputado/bandep/81232.jpg"
74162,NA,NA
141453,NA,NA
178855,"IRMÃO LAZARO","http://www.camara.gov.br/internet/deputado/bandep/178855.jpg"
73531,"IVAN VALENTE","http://www.camara.gov.br/internet/deputado/bandep/73531.jpg"
4931,"IZALCI LUCAS","http://www.camara.gov.br/internet/deputado/bandep/4931.jpg"
74665,"JAIME MARTINS","http://www.camara.gov.br/internet/deputado/bandep/74665.jpg"
74847,"JAIR BOLSONARO","http://www.camara.gov.br/internet/deputado/bandep/74847.jpg"
3151,NA,NA
74848,"JANDIRA FEGHALI","http://www.camara.gov.br/internet/deputado/bandep/74848.jpg"
73926,"JANETE CAPIBERIBE","http://www.camara.gov.br/internet/deputado/bandep/73926.jpg"
141455,NA,NA
160675,NA,NA
97822,NA,NA
131943,"JARBAS VASCONCELOS","http://www.camara.gov.br/internet/deputado/bandep/131943.jpg"
160672,"JEAN WYLLYS","http://www.camara.gov.br/internet/deputado/bandep/160672.jpg"
74273,"JEFFERSON CAMPOS","http://www.camara.gov.br/internet/deputado/bandep/74273.jpg"
160570,"JERÔNIMO GOERGEN","http://www.camara.gov.br/internet/deputado/bandep/160570.jpg"
178839,"JÉSSICA SALES","http://www.camara.gov.br/internet/deputado/bandep/178839.jpg"
160671,NA,NA
178842,"JHC","http://www.camara.gov.br/internet/deputado/bandep/178842.jpg"
160531,"JHONATAN DE JESUS","http://www.camara.gov.br/internet/deputado/bandep/160531.jpg"
141503,"JÔ MORAES","http://www.camara.gov.br/internet/deputado/bandep/141503.jpg"
160574,NA,NA
160573,"JOÃO ARRUDA","http://www.camara.gov.br/internet/deputado/bandep/160573.jpg"
141457,NA,NA
74559,NA,NA
74366,"JOÃO CAMPOS","http://www.camara.gov.br/internet/deputado/bandep/74366.jpg"
141458,"JOÃO CARLOS BACELAR","http://www.camara.gov.br/internet/deputado/bandep/141458.jpg"
74445,NA,NA
73682,NA,NA
178970,"JOÃO DANIEL","http://www.camara.gov.br/internet/deputado/bandep/178970.jpg"
178965,"JOÃO DERLY","http://www.camara.gov.br/internet/deputado/bandep/178965.jpg"
178917,"JOÃO FERNANDO COUTINHO","http://www.camara.gov.br/internet/deputado/bandep/178917.jpg"
178856,"JOÃO GUALBERTO","http://www.camara.gov.br/internet/deputado/bandep/178856.jpg"
74049,NA,NA
74120,NA,NA
141459,NA,NA
112437,"JOÃO MARCELO SOUZA","http://www.camara.gov.br/internet/deputado/bandep/112437.jpg"
178967,"JOÃO PAULO KLEINÜBING","http://www.camara.gov.br/internet/deputado/bandep/178967.jpg"
160549,NA,NA
178988,"JOÃO PAULO PAPA","http://www.camara.gov.br/internet/deputado/bandep/178988.jpg"
73874,NA,NA
160571,"JOÃO RODRIGUES","http://www.camara.gov.br/internet/deputado/bandep/160571.jpg"
178910,"JOAQUIM PASSARINHO","http://www.camara.gov.br/internet/deputado/bandep/178910.jpg"
178971,"JONY MARCOS","http://www.camara.gov.br/internet/deputado/bandep/178971.jpg"
74686,NA,NA
74388,"JORGE BOEIRA","http://www.camara.gov.br/internet/deputado/bandep/74388.jpg"
160572,"JORGE CÔRTE REAL","http://www.camara.gov.br/internet/deputado/bandep/160572.jpg"
178857,"JORGE SOLLA","http://www.camara.gov.br/internet/deputado/bandep/178857.jpg"
73535,"JORGE TADEU MUDALEN","http://www.camara.gov.br/internet/deputado/bandep/73535.jpg"
160509,"JORGINHO MELLO","http://www.camara.gov.br/internet/deputado/bandep/160509.jpg"
141464,"JOSÉ AIRTON CIRILO","http://www.camara.gov.br/internet/deputado/bandep/141464.jpg"
73536,NA,NA
160661,NA,NA
74553,"JOSÉ CARLOS ALELUIA","http://www.camara.gov.br/internet/deputado/bandep/74553.jpg"
74140,"JOSÉ CARLOS ARAÚJO","http://www.camara.gov.br/internet/deputado/bandep/74140.jpg"
74423,NA,NA
131966,"JOSÉ FOGAÇA","http://www.camara.gov.br/internet/deputado/bandep/131966.jpg"
141470,"JOSÉ GUIMARÃES","http://www.camara.gov.br/internet/deputado/bandep/141470.jpg"
160396,NA,NA
74297,NA,NA
74275,"JOSÉ MENTOR","http://www.camara.gov.br/internet/deputado/bandep/74275.jpg"
160619,"JOSÉ NUNES","http://www.camara.gov.br/internet/deputado/bandep/160619.jpg"
74395,"JOSÉ OTÁVIO GERMANO","http://www.camara.gov.br/internet/deputado/bandep/74395.jpg"
74079,"JOSÉ PRIANTE","http://www.camara.gov.br/internet/deputado/bandep/74079.jpg"
73714,"JOSÉ REINALDO","http://www.camara.gov.br/internet/deputado/bandep/73714.jpg"
74554,"JOSÉ ROCHA","http://www.camara.gov.br/internet/deputado/bandep/74554.jpg"
160607,"JOSE STÉDILE","http://www.camara.gov.br/internet/deputado/bandep/160607.jpg"
4929,NA,NA
114941,"JOSI NUNES","http://www.camara.gov.br/internet/deputado/bandep/114941.jpg"
74141,NA,NA
74351,"JOSUÉ BENGTSON","http://www.camara.gov.br/internet/deputado/bandep/74351.jpg"
73666,"JOVAIR ARANTES","http://www.camara.gov.br/internet/deputado/bandep/73666.jpg"
178851,"JOZI ARAÚJO","http://www.camara.gov.br/internet/deputado/bandep/178851.jpg"
67312,"JÚLIA MARINHO","http://www.camara.gov.br/internet/deputado/bandep/67312.jpg"
141474,NA,NA
160519,NA,NA
74317,"JÚLIO CESAR","http://www.camara.gov.br/internet/deputado/bandep/74317.jpg"
73586,"JÚLIO DELGADO","http://www.camara.gov.br/internet/deputado/bandep/73586.jpg"
74253,"JULIO LOPES","http://www.camara.gov.br/internet/deputado/bandep/74253.jpg"
160648,NA,NA
178885,"JUNIOR MARRECA","http://www.camara.gov.br/internet/deputado/bandep/178885.jpg"
160544,NA,NA
178886,"JUSCELINO FILHO","http://www.camara.gov.br/internet/deputado/bandep/178886.jpg"
74570,"JUTAHY JUNIOR","http://www.camara.gov.br/internet/deputado/bandep/74570.jpg"
178918,"KAIO MANIÇOBA","http://www.camara.gov.br/internet/deputado/bandep/178918.jpg"
160659,"KEIKO OTA","http://www.camara.gov.br/internet/deputado/bandep/160659.jpg"
74742,NA,NA
151208,"LAERCIO OLIVEIRA","http://www.camara.gov.br/internet/deputado/bandep/151208.jpg"
141478,"LAERTE BESSA","http://www.camara.gov.br/internet/deputado/bandep/141478.jpg"
178894,"LAUDIVIO CARVALHO","http://www.camara.gov.br/internet/deputado/bandep/178894.jpg"
74856,"LAURA CARNEIRO","http://www.camara.gov.br/internet/deputado/bandep/74856.jpg"
160534,NA,NA
141480,"LÁZARO BOTELHO","http://www.camara.gov.br/internet/deputado/bandep/141480.jpg"
178832,"LEANDRE","http://www.camara.gov.br/internet/deputado/bandep/178832.jpg"
74367,NA,NA
141562,"LELO COIMBRA","http://www.camara.gov.br/internet/deputado/bandep/141562.jpg"
178825,"LEO DE BRITO","http://www.camara.gov.br/internet/deputado/bandep/178825.jpg"
179385,NA,NA
74156,"LEONARDO MONTEIRO","http://www.camara.gov.br/internet/deputado/bandep/74156.jpg"
74254,NA,NA
141482,"LEONARDO QUINTÃO","http://www.camara.gov.br/internet/deputado/bandep/141482.jpg"
74299,"LEÔNIDAS CRISTINO","http://www.camara.gov.br/internet/deputado/bandep/74299.jpg"
160663,"LEOPOLDO MEYER","http://www.camara.gov.br/internet/deputado/bandep/160663.jpg"
NA,NA,NA
160533,NA,NA
74585,"LINCOLN PORTELA","http://www.camara.gov.br/internet/deputado/bandep/74585.jpg"
141483,"LINDOMAR GARÇON","http://www.camara.gov.br/internet/deputado/bandep/141483.jpg"
141462,NA,NA
74277,"LOBBE NETO","http://www.camara.gov.br/internet/deputado/bandep/74277.jpg"
160555,NA,NA
178879,"LUCAS VERGILIO","http://www.camara.gov.br/internet/deputado/bandep/178879.jpg"
73474,NA,NA
160628,"LUCIANA SANTOS","http://www.camara.gov.br/internet/deputado/bandep/160628.jpg"
73982,NA,NA
178931,"LUCIANO DUCCI","http://www.camara.gov.br/internet/deputado/bandep/178931.jpg"
73777,NA,NA
178954,"LUCIO MOSQUINI","http://www.camara.gov.br/internet/deputado/bandep/178954.jpg"
141484,"LÚCIO VALE","http://www.camara.gov.br/internet/deputado/bandep/141484.jpg"
94931,"LUCIO VIEIRA LIMA","http://www.camara.gov.br/internet/deputado/bandep/94931.jpg"
73483,"LUIS CARLOS HEINZE","http://www.camara.gov.br/internet/deputado/bandep/73483.jpg"
160510,"LUIS TIBÉ","http://www.camara.gov.br/internet/deputado/bandep/160510.jpg"
74133,NA,NA
160547,NA,NA
160645,NA,NA
141485,NA,NA
73778,"LUIZ CARLOS HAULY","http://www.camara.gov.br/internet/deputado/bandep/73778.jpg"
178802,"LUIZ CARLOS RAMOS","http://www.camara.gov.br/internet/deputado/bandep/178802.jpg"
178955,"LUIZ CLÁUDIO","http://www.camara.gov.br/internet/deputado/bandep/178955.jpg"
74041,"LUIZ COUTO","http://www.camara.gov.br/internet/deputado/bandep/74041.jpg"
171618,NA,NA
141487,"LUIZ FERNANDO FARIA","http://www.camara.gov.br/internet/deputado/bandep/141487.jpg"
160662,NA,NA
178982,"LUIZ LAURO FILHO","http://www.camara.gov.br/internet/deputado/bandep/178982.jpg"
162332,"LUIZ NISHIMORI","http://www.camara.gov.br/internet/deputado/bandep/162332.jpg"
161906,NA,NA
160550,NA,NA
74688,"LUIZ SÉRGIO","http://www.camara.gov.br/internet/deputado/bandep/74688.jpg"
74784,"LUIZA ERUNDINA","http://www.camara.gov.br/internet/deputado/bandep/74784.jpg"
178866,"LUIZIANNE LINS","http://www.camara.gov.br/internet/deputado/bandep/178866.jpg"
178867,"MACEDO","http://www.camara.gov.br/internet/deputado/bandep/178867.jpg"
166402,"MAGDA MOFATTO","http://www.camara.gov.br/internet/deputado/bandep/166402.jpg"
74802,NA,NA
151965,"MAIA FILHO","http://www.camara.gov.br/internet/deputado/bandep/151965.jpg"
149327,NA,NA
178826,"MAJOR OLIMPIO","http://www.camara.gov.br/internet/deputado/bandep/178826.jpg"
160633,"MANDETTA","http://www.camara.gov.br/internet/deputado/bandep/160633.jpg"
179382,NA,NA
141490,NA,NA
74456,NA,NA
171622,NA,NA
141492,NA,NA
160565,"MARA GABRILLI","http://www.camara.gov.br/internet/deputado/bandep/160565.jpg"
74124,NA,NA
178821,NA,NA
160660,"MARCELO AGUIAR","http://www.camara.gov.br/internet/deputado/bandep/160660.jpg"
146613,NA,NA
179000,"MARCELO ÁLVARO ANTÔNIO","http://www.camara.gov.br/internet/deputado/bandep/179000.jpg"
146788,"MARCELO ARO","http://www.camara.gov.br/internet/deputado/bandep/146788.jpg"
178932,NA,NA
74460,"MARCELO CASTRO","http://www.camara.gov.br/internet/deputado/bandep/74460.jpg"
76287,"MARCELO MATOS","http://www.camara.gov.br/internet/deputado/bandep/76287.jpg"
118594,"MARCELO SQUASSONI","http://www.camara.gov.br/internet/deputado/bandep/118594.jpg"
178983,"MARCIO ALVINO","http://www.camara.gov.br/internet/deputado/bandep/178983.jpg"
179001,NA,NA
74363,NA,NA
141497,NA,NA
141496,NA,NA
160542,NA,NA
150418,"MÁRCIO MARINHO","http://www.camara.gov.br/internet/deputado/bandep/150418.jpg"
178899,NA,NA
178942,"MARCO ANTÔNIO CABRAL","http://www.camara.gov.br/internet/deputado/bandep/178942.jpg"
133373,"MARCO MAIA","http://www.camara.gov.br/internet/deputado/bandep/133373.jpg"
160536,"MARCO TEBALDI","http://www.camara.gov.br/internet/deputado/bandep/160536.jpg"
160535,"MARCON","http://www.camara.gov.br/internet/deputado/bandep/160535.jpg"
74470,NA,NA
178880,"MARCOS ABRÃO","http://www.camara.gov.br/internet/deputado/bandep/178880.jpg"
74745,NA,NA
74634,NA,NA
141500,"MARCOS MONTES","http://www.camara.gov.br/internet/deputado/bandep/141500.jpg"
178852,"MARCOS REATEGUI","http://www.camara.gov.br/internet/deputado/bandep/178852.jpg"
167722,"MARCOS ROGÉRIO","http://www.camara.gov.br/internet/deputado/bandep/167722.jpg"
178850,NA,NA
178943,"MARCOS SOARES","http://www.camara.gov.br/internet/deputado/bandep/178943.jpg"
159238,"MARCUS PESTANA","http://www.camara.gov.br/internet/deputado/bandep/159238.jpg"
74235,"MARCUS VICENTE","http://www.camara.gov.br/internet/deputado/bandep/74235.jpg"
171619,"MARGARIDA SALOMÃO","http://www.camara.gov.br/internet/deputado/bandep/171619.jpg"
74398,"MARIA DO ROSÁRIO","http://www.camara.gov.br/internet/deputado/bandep/74398.jpg"
64960,"MARIA HELENA","http://www.camara.gov.br/internet/deputado/bandep/64960.jpg"
176794,NA,NA
178956,"MARIANA CARVALHO","http://www.camara.gov.br/internet/deputado/bandep/178956.jpg"
178919,"MARINALDO ROSENDO","http://www.camara.gov.br/internet/deputado/bandep/178919.jpg"
74177,"MARINHA RAUPP","http://www.camara.gov.br/internet/deputado/bandep/74177.jpg"
168447,NA,NA
74158,NA,NA
178858,"MÁRIO NEGROMONTE JR.","http://www.camara.gov.br/internet/deputado/bandep/178858.jpg"
121759,NA,NA
181315,NA,NA
178843,NA,NA
179880,NA,NA
179386,NA,NA
74050,NA,NA
141506,NA,NA
73588,NA,NA
74749,"MAURO LOPES","http://www.camara.gov.br/internet/deputado/bandep/74749.jpg"
141507,"MAURO MARIANI","http://www.camara.gov.br/internet/deputado/bandep/141507.jpg"
124411,"MAURO PEREIRA","http://www.camara.gov.br/internet/deputado/bandep/124411.jpg"
178827,NA,NA
74428,NA,NA
74056,NA,NA
188097,NA,NA
141509,NA,NA
178984,"MIGUEL HADDAD","http://www.camara.gov.br/internet/deputado/bandep/178984.jpg"
178985,"MIGUEL LOMBARDI","http://www.camara.gov.br/internet/deputado/bandep/178985.jpg"
74787,"MILTON MONTI","http://www.camara.gov.br/internet/deputado/bandep/74787.jpg"
160644,NA,NA
74862,"MIRO TEIXEIRA","http://www.camara.gov.br/internet/deputado/bandep/74862.jpg"
178895,"MISAEL VARELLA","http://www.camara.gov.br/internet/deputado/bandep/178895.jpg"
160561,"MISSIONÁRIO JOSÉ OLIMPIO","http://www.camara.gov.br/internet/deputado/bandep/160561.jpg"
178859,NA,NA
141537,NA,NA
74457,NA,NA
178997,"MOSES RODRIGUES","http://www.camara.gov.br/internet/deputado/bandep/178997.jpg"
74108,NA,NA
160567,NA,NA
73553,"NELSON MARQUEZELLI","http://www.camara.gov.br/internet/deputado/bandep/73553.jpg"
73781,"NELSON MEURER","http://www.camara.gov.br/internet/deputado/bandep/73781.jpg"
193069,NA,NA
160566,"NELSON PADOVANI","http://www.camara.gov.br/internet/deputado/bandep/160566.jpg"
74571,"NELSON PELLEGRINO","http://www.camara.gov.br/internet/deputado/bandep/74571.jpg"
74750,NA,NA
178896,"NEWTON CARDOSO JR","http://www.camara.gov.br/internet/deputado/bandep/178896.jpg"
160657,NA,NA
74447,NA,NA
160564,NA,NA
74751,NA,NA
166401,"NILSON LEITÃO","http://www.camara.gov.br/internet/deputado/bandep/166401.jpg"
74352,"NILSON PINTO","http://www.camara.gov.br/internet/deputado/bandep/74352.jpg"
178986,"NILTO TATTO","http://www.camara.gov.br/internet/deputado/bandep/178986.jpg"
74359,"NILTON CAPIXABA","http://www.camara.gov.br/internet/deputado/bandep/74359.jpg"
74159,NA,NA
74752,NA,NA
73782,NA,NA
178868,"ODORICO MONTEIRO","http://www.camara.gov.br/internet/deputado/bandep/178868.jpg"
73464,NA,NA
160563,NA,NA
74399,"ONYX LORENZONI","http://www.camara.gov.br/internet/deputado/bandep/74399.jpg"
178987,"ORLANDO SILVA","http://www.camara.gov.br/internet/deputado/bandep/178987.jpg"
180545,"OSMAR BERTOLDI","http://www.camara.gov.br/internet/deputado/bandep/180545.jpg"
141514,NA,NA
73463,"OSMAR SERRAGLIO","http://www.camara.gov.br/internet/deputado/bandep/73463.jpg"
73692,NA,NA
74430,NA,NA
74191,NA,NA
141515,"OTAVIO LEITE","http://www.camara.gov.br/internet/deputado/bandep/141515.jpg"
160540,NA,NA
160650,NA,NA
160556,"PADRE JOÃO","http://www.camara.gov.br/internet/deputado/bandep/160556.jpg"
160670,NA,NA
74319,"PAES LANDIM","http://www.camara.gov.br/internet/deputado/bandep/74319.jpg"
160642,"PASTOR EURICO","http://www.camara.gov.br/internet/deputado/bandep/160642.jpg"
74095,"PAUDERNEY AVELINO","http://www.camara.gov.br/internet/deputado/bandep/74095.jpg"
171617,"PAULÃO","http://www.camara.gov.br/internet/deputado/bandep/171617.jpg"
141516,"PAULO ABI-ACKEL","http://www.camara.gov.br/internet/deputado/bandep/141516.jpg"
178860,"PAULO AZI","http://www.camara.gov.br/internet/deputado/bandep/178860.jpg"
73883,NA,NA
74017,"PAULO FEIJÓ","http://www.camara.gov.br/internet/deputado/bandep/74017.jpg"
160517,"PAULO FOLETTO","http://www.camara.gov.br/internet/deputado/bandep/160517.jpg"
160558,"PAULO FREIRE","http://www.camara.gov.br/internet/deputado/bandep/160558.jpg"
141517,"PAULO HENRIQUE LUSTOSA","http://www.camara.gov.br/internet/deputado/bandep/141517.jpg"
74574,"PAULO MAGALHÃES","http://www.camara.gov.br/internet/deputado/bandep/74574.jpg"
132056,"PAULO MALUF","http://www.camara.gov.br/internet/deputado/bandep/132056.jpg"
141518,"PAULO PEREIRA DA SILVA","http://www.camara.gov.br/internet/deputado/bandep/141518.jpg"
74400,"PAULO PIMENTA","http://www.camara.gov.br/internet/deputado/bandep/74400.jpg"
74047,NA,NA
141488,"PAULO TEIXEIRA","http://www.camara.gov.br/internet/deputado/bandep/141488.jpg"
74812,"PEDRO CHAVES","http://www.camara.gov.br/internet/deputado/bandep/74812.jpg"
178912,"PEDRO CUNHA LIMA","http://www.camara.gov.br/internet/deputado/bandep/178912.jpg"
74556,NA,NA
74449,"PEDRO FERNANDES","http://www.camara.gov.br/internet/deputado/bandep/74449.jpg"
74207,NA,NA
122158,"PEDRO PAULO","http://www.camara.gov.br/internet/deputado/bandep/122158.jpg"
160604,"PEDRO UCZAI","http://www.camara.gov.br/internet/deputado/bandep/160604.jpg"
178844,"PEDRO VILELA","http://www.camara.gov.br/internet/deputado/bandep/178844.jpg"
80920,NA,NA
141445,"PEPE VARGAS","http://www.camara.gov.br/internet/deputado/bandep/141445.jpg"
73943,NA,NA
179384,NA,NA
141465,NA,NA
162174,NA,NA
73486,"POMPEO DE MATTOS","http://www.camara.gov.br/internet/deputado/bandep/73486.jpg"
160601,"PR. MARCO FELICIANO","http://www.camara.gov.br/internet/deputado/bandep/160601.jpg"
170673,NA,NA
141543,NA,NA
148134,"PROFESSOR VICTÓRIO GALLI","http://www.camara.gov.br/internet/deputado/bandep/148134.jpg"
160639,"PROFESSORA DORINHA SEABRA REZENDE","http://www.camara.gov.br/internet/deputado/bandep/160639.jpg"
160641,"PROFESSORA MARCIVANIA","http://www.camara.gov.br/internet/deputado/bandep/160641.jpg"
178951,"RAFAEL MOTTA","http://www.camara.gov.br/internet/deputado/bandep/178951.jpg"
74216,"RAIMUNDO GOMES DE MATOS","http://www.camara.gov.br/internet/deputado/bandep/74216.jpg"
178998,"RAQUEL MUNIZ","http://www.camara.gov.br/internet/deputado/bandep/178998.jpg"
141403,NA,NA
74048,NA,NA
160656,NA,NA
141525,NA,NA
74161,"REGINALDO LOPES","http://www.camara.gov.br/internet/deputado/bandep/74161.jpg"
89282,NA,NA
73786,"REINHOLD STEPHANES","http://www.camara.gov.br/internet/deputado/bandep/73786.jpg"
178925,NA,NA
178960,"REMÍDIO MONAI","http://www.camara.gov.br/internet/deputado/bandep/178960.jpg"
160623,NA,NA
178989,"RENATA ABREU","http://www.camara.gov.br/internet/deputado/bandep/178989.jpg"
141527,"RENATO MOLLING","http://www.camara.gov.br/internet/deputado/bandep/141527.jpg"
175212,NA,NA
160654,"RENZO BRAZ","http://www.camara.gov.br/internet/deputado/bandep/160654.jpg"
73788,NA,NA
160655,"RICARDO IZAR","http://www.camara.gov.br/internet/deputado/bandep/160655.jpg"
178920,"RICARDO TEOBALDO","http://www.camara.gov.br/internet/deputado/bandep/178920.jpg"
141472,"RICARDO TRIPOLI","http://www.camara.gov.br/internet/deputado/bandep/141472.jpg"
152610,"ROBERTO ALVES","http://www.camara.gov.br/internet/deputado/bandep/152610.jpg"
73674,"ROBERTO BALESTRA","http://www.camara.gov.br/internet/deputado/bandep/73674.jpg"
141529,"ROBERTO BRITTO","http://www.camara.gov.br/internet/deputado/bandep/141529.jpg"
160653,"ROBERTO DE LUCENA","http://www.camara.gov.br/internet/deputado/bandep/160653.jpg"
161903,NA,NA
73805,"ROBERTO FREIRE","http://www.camara.gov.br/internet/deputado/bandep/73805.jpg"
178995,"ROBERTO GÓES","http://www.camara.gov.br/internet/deputado/bandep/178995.jpg"
178944,"ROBERTO SALES","http://www.camara.gov.br/internet/deputado/bandep/178944.jpg"
141473,NA,NA
160652,NA,NA
178840,"ROCHA","http://www.camara.gov.br/internet/deputado/bandep/178840.jpg"
152865,NA,NA
141531,"RODRIGO DE CASTRO","http://www.camara.gov.br/internet/deputado/bandep/141531.jpg"
88950,NA,NA
74693,"RODRIGO MAIA","http://www.camara.gov.br/internet/deputado/bandep/74693.jpg"
178926,"RODRIGO MARTINS","http://www.camara.gov.br/internet/deputado/bandep/178926.jpg"
178897,"RODRIGO PACHECO","http://www.camara.gov.br/internet/deputado/bandep/178897.jpg"
160568,NA,NA
141535,"ROGÉRIO MARINHO","http://www.camara.gov.br/internet/deputado/bandep/141535.jpg"
160651,"ROGÉRIO PENINHA MENDONÇA","http://www.camara.gov.br/internet/deputado/bandep/160651.jpg"
160426,"ROGÉRIO ROSSO","http://www.camara.gov.br/internet/deputado/bandep/160426.jpg"
160597,NA,NA
141536,"RÔMULO GOUVEIA","http://www.camara.gov.br/internet/deputado/bandep/141536.jpg"
160515,"RONALDO BENEDET","http://www.camara.gov.br/internet/deputado/bandep/160515.jpg"
74813,NA,NA
178861,"RONALDO CARLETTO","http://www.camara.gov.br/internet/deputado/bandep/178861.jpg"
160637,"RONALDO FONSECA","http://www.camara.gov.br/internet/deputado/bandep/160637.jpg"
178845,"RONALDO LESSA","http://www.camara.gov.br/internet/deputado/bandep/178845.jpg"
122466,"RONALDO MARTINS","http://www.camara.gov.br/internet/deputado/bandep/122466.jpg"
163321,NA,NA
160594,NA,NA
178870,"RÔNEY NEMER","http://www.camara.gov.br/internet/deputado/bandep/178870.jpg"
160614,NA,NA
191684,NA,NA
178945,"ROSANGELA GOMES","http://www.camara.gov.br/internet/deputado/bandep/178945.jpg"
73507,NA,NA
178935,NA,NA
179379,NA,NA
73466,"RUBENS BUENO","http://www.camara.gov.br/internet/deputado/bandep/73466.jpg"
74371,"RUBENS OTONI","http://www.camara.gov.br/internet/deputado/bandep/74371.jpg"
178887,"RUBENS PEREIRA JÚNIOR","http://www.camara.gov.br/internet/deputado/bandep/178887.jpg"
104254,NA,NA
160635,NA,NA
141522,"SABINO CASTELO BRANCO","http://www.camara.gov.br/internet/deputado/bandep/141522.jpg"
160630,"SÁGUAS MORAES","http://www.camara.gov.br/internet/deputado/bandep/160630.jpg"
73559,NA,NA
178990,NA,NA
74372,NA,NA
74039,NA,NA
160621,"SANDRO ALEX","http://www.camara.gov.br/internet/deputado/bandep/160621.jpg"
73676,NA,NA
74762,"SARAIVA FELIPE","http://www.camara.gov.br/internet/deputado/bandep/74762.jpg"
74210,NA,NA
141539,NA,NA
178921,NA,NA
74533,NA,NA
73808,"SÉRGIO BRITO","http://www.camara.gov.br/internet/deputado/bandep/73808.jpg"
141542,"SÉRGIO MORAES","http://www.camara.gov.br/internet/deputado/bandep/141542.jpg"
178991,"SÉRGIO REIS","http://www.camara.gov.br/internet/deputado/bandep/178991.jpg"
178933,"SERGIO SOUZA","http://www.camara.gov.br/internet/deputado/bandep/178933.jpg"
178874,"SERGIO VIDIGAL","http://www.camara.gov.br/internet/deputado/bandep/178874.jpg"
160612,"SERGIO ZVEITER","http://www.camara.gov.br/internet/deputado/bandep/160612.jpg"
167614,"SEVERINO NINHO","http://www.camara.gov.br/internet/deputado/bandep/167614.jpg"
178961,"SHÉRIDAN","http://www.camara.gov.br/internet/deputado/bandep/178961.jpg"
160613,NA,NA
74765,NA,NA
74356,"SILAS CÂMARA","http://www.camara.gov.br/internet/deputado/bandep/74356.jpg"
187008,"SILAS FREIRE","http://www.camara.gov.br/internet/deputado/bandep/187008.jpg"
4930,"SILVIO COSTA","http://www.camara.gov.br/internet/deputado/bandep/4930.jpg"
73560,"SILVIO TORRES","http://www.camara.gov.br/internet/deputado/bandep/73560.jpg"
73424,"SIMÃO SESSIM","http://www.camara.gov.br/internet/deputado/bandep/73424.jpg"
178911,"SIMONE MORGADO","http://www.camara.gov.br/internet/deputado/bandep/178911.jpg"
168175,NA,NA
178946,"SORAYA SANTOS","http://www.camara.gov.br/internet/deputado/bandep/178946.jpg"
178947,"SÓSTENES CAVALCANTE","http://www.camara.gov.br/internet/deputado/bandep/178947.jpg"
92776,"STEFANO AGUIAR","http://www.camara.gov.br/internet/deputado/bandep/92776.jpg"
160627,NA,NA
177282,"SUBTENENTE GONZAGA","http://www.camara.gov.br/internet/deputado/bandep/177282.jpg"
141548,NA,NA
178922,"TADEU ALENCAR","http://www.camara.gov.br/internet/deputado/bandep/178922.jpg"
74385,"TAKAYAMA","http://www.camara.gov.br/internet/deputado/bandep/74385.jpg"
160679,NA,NA
169711,NA,NA
178898,"TENENTE LÚCIO","http://www.camara.gov.br/internet/deputado/bandep/178898.jpg"
178901,"TEREZA CRISTINA","http://www.camara.gov.br/internet/deputado/bandep/178901.jpg"
160617,"THIAGO PEIXOTO","http://www.camara.gov.br/internet/deputado/bandep/160617.jpg"
178862,NA,NA
160976,"TIRIRICA","http://www.camara.gov.br/internet/deputado/bandep/160976.jpg"
160611,"TONINHO PINHEIRO","http://www.camara.gov.br/internet/deputado/bandep/160611.jpg"
178934,"TONINHO WANDSCHEER","http://www.camara.gov.br/internet/deputado/bandep/178934.jpg"
178863,"ULDURICO JUNIOR","http://www.camara.gov.br/internet/deputado/bandep/178863.jpg"
141551,NA,NA
141384,"VALADARES FILHO","http://www.camara.gov.br/internet/deputado/bandep/141384.jpg"
74010,"VALDIR COLATTO","http://www.camara.gov.br/internet/deputado/bandep/74010.jpg"
160610,"VALMIR ASSUNÇÃO","http://www.camara.gov.br/internet/deputado/bandep/160610.jpg"
113247,"VALMIR PRASCIDELLI","http://www.camara.gov.br/internet/deputado/bandep/113247.jpg"
141552,"VALTENIR PEREIRA","http://www.camara.gov.br/internet/deputado/bandep/141552.jpg"
74376,"VANDER LOUBET","http://www.camara.gov.br/internet/deputado/bandep/74376.jpg"
141553,"VANDERLEI MACRIS","http://www.camara.gov.br/internet/deputado/bandep/141553.jpg"
167617,NA,NA
160595,NA,NA
178913,"VENEZIANO VITAL DO RÊGO","http://www.camara.gov.br/internet/deputado/bandep/178913.jpg"
74308,NA,NA
160622,"VICENTE CANDIDO","http://www.camara.gov.br/internet/deputado/bandep/160622.jpg"
74283,"VICENTINHO","http://www.camara.gov.br/internet/deputado/bandep/74283.jpg"
137070,"VICENTINHO JÚNIOR","http://www.camara.gov.br/internet/deputado/bandep/137070.jpg"
178888,"VICTOR MENDES","http://www.camara.gov.br/internet/deputado/bandep/178888.jpg"
141400,NA,NA
163322,NA,NA
73677,NA,NA
141870,NA,NA
141555,"VINICIUS CARVALHO","http://www.camara.gov.br/internet/deputado/bandep/141555.jpg"
160591,"VINICIUS GURGEL","http://www.camara.gov.br/internet/deputado/bandep/160591.jpg"
178992,"VITOR LIPPI","http://www.camara.gov.br/internet/deputado/bandep/178992.jpg"
92355,NA,NA
141557,NA,NA
178869,"VITOR VALIM","http://www.camara.gov.br/internet/deputado/bandep/178869.jpg"
189593,"WADIH DAMOUS","http://www.camara.gov.br/internet/deputado/bandep/189593.jpg"
137853,NA,NA
160569,"WALDENOR PEREIRA","http://www.camara.gov.br/internet/deputado/bandep/160569.jpg"
141558,"WALDIR MARANHÃO","http://www.camara.gov.br/internet/deputado/bandep/141558.jpg"
160631,"WALNEY ROCHA","http://www.camara.gov.br/internet/deputado/bandep/160631.jpg"
178952,"WALTER ALVES","http://www.camara.gov.br/internet/deputado/bandep/178952.jpg"
141560,"WALTER IHOSHI","http://www.camara.gov.br/internet/deputado/bandep/141560.jpg"
160609,NA,NA
141561,NA,NA
160620,NA,NA
160518,"WELITON PRADO","http://www.camara.gov.br/internet/deputado/bandep/160518.jpg"
73653,NA,NA
74043,"WELLINGTON ROBERTO","http://www.camara.gov.br/internet/deputado/bandep/74043.jpg"
179387,NA,NA
167493,"WEVERTON ROCHA","http://www.camara.gov.br/internet/deputado/bandep/167493.jpg"
160586,NA,NA
141563,NA,NA
193066,"WILSON BESERRA","http://www.camara.gov.br/internet/deputado/bandep/193066.jpg"
160636,"WILSON FILHO","http://www.camara.gov.br/internet/deputado/bandep/160636.jpg"
73930,"WLADIMIR COSTA","http://www.camara.gov.br/internet/deputado/bandep/73930.jpg"
74439,"WOLNEY QUEIROZ","http://www.camara.gov.br/internet/deputado/bandep/74439.jpg"
191945,"ZÉ AUGUSTO NALIN","http://www.camara.gov.br/internet/deputado/bandep/191945.jpg"
178889,"ZÉ CARLOS","http://www.camara.gov.br/internet/deputado/bandep/178889.jpg"
168253,NA,NA
73931,"ZÉ GERALDO","http://www.camara.gov.br/internet/deputado/bandep/73931.jpg"
160632,"ZÉ SILVA","http://www.camara.gov.br/internet/deputado/bandep/160632.jpg"
152607,NA,NA
178923,"ZECA CAVALCANTI","http://www.camara.gov.br/internet/deputado/bandep/178923.jpg"
160592,"ZECA DIRCEU","http://www.camara.gov.br/internet/deputado/bandep/160592.jpg"
178902,"ZECA DO PT","http://www.camara.gov.br/internet/deputado/bandep/178902.jpg"
178949,"ZENAIDE MAIA","http://www.camara.gov.br/internet/deputado/bandep/178949.jpg"
160625,NA,NA
195143,"ANDRÉ AMARAL","http://www.camara.gov.br/internet/deputado/bandep/195143.jpg"
193165,NA,NA
74052,NA,NA
194261,"CAJAR NARDES","http://www.camara.gov.br/internet/deputado/bandep/194261.jpg"
196359,NA,NA
194258,"CREUZA PEREIRA","http://www.camara.gov.br/internet/deputado/bandep/194258.jpg"
196357,"DEJORGE PATRÍCIO","http://www.camara.gov.br/internet/deputado/bandep/196357.jpg"
72442,NA,NA
194259,"GUILHERME COELHO","http://www.camara.gov.br/internet/deputado/bandep/194259.jpg"
196378,"IZAQUE SILVA","http://www.camara.gov.br/internet/deputado/bandep/196378.jpg"
194262,"JONES MARTINS","http://www.camara.gov.br/internet/deputado/bandep/194262.jpg"
196358,NA,NA
81366,"LUANA COSTA","http://www.camara.gov.br/internet/deputado/bandep/81366.jpg"
198198,"LUZIA FERREIRA","http://www.camara.gov.br/internet/deputado/bandep/198198.jpg"
195826,"MARCELO DELAROLI","http://www.camara.gov.br/internet/deputado/bandep/195826.jpg"
195278,"MOISÉS DINIZ","http://www.camara.gov.br/internet/deputado/bandep/195278.jpg"
194260,"NIVALDO ALBUQUERQUE","http://www.camara.gov.br/internet/deputado/bandep/194260.jpg"
66179,"NORMA AYUB","http://www.camara.gov.br/internet/deputado/bandep/66179.jpg"
193982,"PASTOR LUCIANO BRAGA","http://www.camara.gov.br/internet/deputado/bandep/193982.jpg"
74160,"PATRUS ANANIAS","http://www.camara.gov.br/internet/deputado/bandep/74160.jpg"
193726,NA,NA
195997,"POLLYANA GAMA","http://www.camara.gov.br/internet/deputado/bandep/195997.jpg"
171620,"RENATO ANDRADE","http://www.camara.gov.br/internet/deputado/bandep/171620.jpg"
195581,NA,NA
91208,"ROBINSON ALMEIDA","http://www.camara.gov.br/internet/deputado/bandep/91208.jpg"
141532,NA,NA
146949,"ROSINHA DA ADEFAL","http://www.camara.gov.br/internet/deputado/bandep/146949.jpg"
195866,"VAIDON OLIVEIRA","http://www.camara.gov.br/internet/deputado/bandep/195866.jpg"
73992,"YEDA CRUSIUS","http://www.camara.gov.br/internet/deputado/bandep/73992.jpg"
